step,reward,win_rate
47,2.806839446107783,0.0
47,2.5265250748502996,0.0
