step,reward,win_rate
44,2.83317739520958,0.0
53,2.5153910928143723,0.0
