{"step":0,"_runtime":37.005636288,"_wandb":{"runtime":37},"_step":0,"video":{"_type":"video-file","sha256":"0789107788d350712107d8cb5cfe7250de91822625078b4f4280225e7f332833","size":675075,"path":"media/videos/video_0_0789107788d350712107.gif","width":900,"height":900},"_timestamp":1.7484953394456742e+09,"win_rate":0,"eval_reward":2.881268712574848}